제품코드,제품명,기준월,수요계획,공급량,출고량,기초재고
101070097,Big Bowl Spicy Shrimp 6,2026-01,11520.0,6716.0,52.0,0.0
101070097,Big Bowl Spicy Shrimp 6,2026-02,0.0,4086.0,2219.0,6664.0
101070097,Big Bowl Spicy Shrimp 6,2026-03,0.0,0.0,3655.0,8531.0
101070097,Big Bowl Spicy Shrimp 6,2026-04,300.0,0.0,801.0,4876.0
101070097,Big Bowl Spicy Shrimp 6,2026-05,500.0,0.0,964.0,4075.0
101070097,Big Bowl Spicy Shrimp 6,2026-06,100.0,0.0,709.0,3111.0
101070097,Big Bowl Spicy Shrimp 6,2026-07,1000.0,0.0,428.0,2402.0
101070097,Big Bowl Spicy Shrimp 6,2026-08,1000.0,0.0,1575.0,1974.0
101070097,Big Bowl Spicy Shrimp 6,2026-09,1500.0,0.0,0.0,399.0
101070097,Big Bowl Spicy Shrimp 6,2026-10,1500.0,0.0,0.0,399.0
101070097,Big Bowl Spicy Shrimp 6,2026-11,1500.0,0.0,0.0,399.0
101070097,Big Bowl Spicy Shrimp 6,2026-12,1500.0,0.0,0.0,399.0
101070149,Big Bowl Shin Tom Yum 6 Club,2026-01,0.0,0.0,0.0,0.0
101070149,Big Bowl Shin Tom Yum 6 Club,2026-02,0.0,0.0,0.0,0.0
101070149,Big Bowl Shin Tom Yum 6 Club,2026-03,40320.0,17618.0,25.0,0.0
101070149,Big Bowl Shin Tom Yum 6 Club,2026-04,57600.0,25847.0,1.0,17593.0
101070149,Big Bowl Shin Tom Yum 6 Club,2026-05,57600.0,68936.0,31202.0,43439.0
101070149,Big Bowl Shin Tom Yum 6 Club,2026-06,115200.0,40587.0,46276.0,81173.0
101070149,Big Bowl Shin Tom Yum 6 Club,2026-07,45000.0,0.0,6722.0,75484.0
101070149,Big Bowl Shin Tom Yum 6 Club,2026-08,60000.0,0.0,4.0,68762.0
101070149,Big Bowl Shin Tom Yum 6 Club,2026-09,0.0,0.0,0.0,68758.0
101070149,Big Bowl Shin Tom Yum 6 Club,2026-10,0.0,0.0,0.0,68758.0
101070149,Big Bowl Shin Tom Yum 6 Club,2026-11,0.0,0.0,0.0,68758.0
101070149,Big Bowl Shin Tom Yum 6 Club,2026-12,0.0,0.0,0.0,68758.0
101070181,Bowl Noodles Spicy Cheese 12,2026-01,0.0,0.0,0.0,0.0
101070181,Bowl Noodles Spicy Cheese 12,2026-02,0.0,0.0,0.0,0.0
101070181,Bowl Noodles Spicy Cheese 12,2026-03,0.0,0.0,0.0,0.0
101070181,Bowl Noodles Spicy Cheese 12,2026-04,0.0,0.0,0.0,0.0
101070181,Bowl Noodles Spicy Cheese 12,2026-05,0.0,0.0,0.0,0.0
101070181,Bowl Noodles Spicy Cheese 12,2026-06,0.0,0.0,0.0,0.0
101070181,Bowl Noodles Spicy Cheese 12,2026-07,12000.0,22604.0,26.0,0.0
101070181,Bowl Noodles Spicy Cheese 12,2026-08,1000.0,0.0,2333.0,22578.0
101070181,Bowl Noodles Spicy Cheese 12,2026-09,4000.0,0.0,0.0,20245.0
101070181,Bowl Noodles Spicy Cheese 12,2026-10,4000.0,0.0,0.0,20245.0
101070181,Bowl Noodles Spicy Cheese 12,2026-11,4000.0,0.0,0.0,20245.0
101070181,Bowl Noodles Spicy Cheese 12,2026-12,4000.0,0.0,0.0,20245.0
101070182,Bowl Noodles Chipotle Shrimp 12,2026-01,0.0,0.0,0.0,0.0
101070182,Bowl Noodles Chipotle Shrimp 12,2026-02,0.0,0.0,0.0,0.0
101070182,Bowl Noodles Chipotle Shrimp 12,2026-03,0.0,0.0,0.0,0.0
101070182,Bowl Noodles Chipotle Shrimp 12,2026-04,0.0,0.0,0.0,0.0
101070182,Bowl Noodles Chipotle Shrimp 12,2026-05,0.0,0.0,0.0,0.0
101070182,Bowl Noodles Chipotle Shrimp 12,2026-06,0.0,0.0,0.0,0.0
101070182,Bowl Noodles Chipotle Shrimp 12,2026-07,12000.0,22641.0,26.0,0.0
101070182,Bowl Noodles Chipotle Shrimp 12,2026-08,1000.0,0.0,2189.0,22615.0
101070182,Bowl Noodles Chipotle Shrimp 12,2026-09,4000.0,0.0,0.0,20426.0
101070182,Bowl Noodles Chipotle Shrimp 12,2026-10,4000.0,0.0,0.0,20426.0
101070182,Bowl Noodles Chipotle Shrimp 12,2026-11,4000.0,0.0,0.0,20426.0
101070182,Bowl Noodles Chipotle Shrimp 12,2026-12,4000.0,0.0,0.0,20426.0
101070191,Shin Ramyun Kimchi Stir Fry 16 (4x4),2026-01,0.0,0.0,0.0,0.0
101070191,Shin Ramyun Kimchi Stir Fry 16 (4x4),2026-02,0.0,0.0,0.0,0.0
101070191,Shin Ramyun Kimchi Stir Fry 16 (4x4),2026-03,0.0,0.0,0.0,0.0
101070191,Shin Ramyun Kimchi Stir Fry 16 (4x4),2026-04,0.0,0.0,0.0,0.0
101070191,Shin Ramyun Kimchi Stir Fry 16 (4x4),2026-05,0.0,0.0,0.0,0.0
101070191,Shin Ramyun Kimchi Stir Fry 16 (4x4),2026-06,0.0,0.0,0.0,0.0
101070191,Shin Ramyun Kimchi Stir Fry 16 (4x4),2026-07,50375.0,52359.0,46008.0,0.0
101070191,Shin Ramyun Kimchi Stir Fry 16 (4x4),2026-08,10368.0,8020.0,1157.0,6351.0
101070191,Shin Ramyun Kimchi Stir Fry 16 (4x4),2026-09,5000.0,0.0,0.0,13214.0
101070191,Shin Ramyun Kimchi Stir Fry 16 (4x4),2026-10,10000.0,0.0,0.0,13214.0
101070191,Shin Ramyun Kimchi Stir Fry 16 (4x4),2026-11,10000.0,0.0,0.0,13214.0
101070191,Shin Ramyun Kimchi Stir Fry 16 (4x4),2026-12,10000.0,0.0,0.0,13214.0
101070192,Shin Ramyun Kimchi 16 (4x4),2026-01,0.0,0.0,0.0,0.0
101070192,Shin Ramyun Kimchi 16 (4x4),2026-02,0.0,0.0,0.0,0.0
101070192,Shin Ramyun Kimchi 16 (4x4),2026-03,0.0,0.0,0.0,0.0
101070192,Shin Ramyun Kimchi 16 (4x4),2026-04,0.0,0.0,0.0,0.0
101070192,Shin Ramyun Kimchi 16 (4x4),2026-05,0.0,0.0,0.0,0.0
101070192,Shin Ramyun Kimchi 16 (4x4),2026-06,0.0,0.0,0.0,0.0
101070192,Shin Ramyun Kimchi 16 (4x4),2026-07,11100.0,31257.0,9.0,0.0
101070192,Shin Ramyun Kimchi 16 (4x4),2026-08,25900.0,6072.0,2446.0,31248.0
101070192,Shin Ramyun Kimchi 16 (4x4),2026-09,12000.0,0.0,0.0,34874.0
101070192,Shin Ramyun Kimchi 16 (4x4),2026-10,10000.0,0.0,0.0,34874.0
101070192,Shin Ramyun Kimchi 16 (4x4),2026-11,10000.0,0.0,0.0,34874.0
101070192,Shin Ramyun Kimchi 16 (4x4),2026-12,10000.0,0.0,0.0,34874.0
101070193,Shin Ramyun Tom Yum 16 (4x4),2026-01,0.0,0.0,0.0,0.0
101070193,Shin Ramyun Tom Yum 16 (4x4),2026-02,0.0,0.0,0.0,0.0
101070193,Shin Ramyun Tom Yum 16 (4x4),2026-03,0.0,0.0,0.0,0.0
101070193,Shin Ramyun Tom Yum 16 (4x4),2026-04,0.0,0.0,0.0,0.0
101070193,Shin Ramyun Tom Yum 16 (4x4),2026-05,0.0,0.0,0.0,0.0
101070193,Shin Ramyun Tom Yum 16 (4x4),2026-06,0.0,0.0,0.0,0.0
101070193,Shin Ramyun Tom Yum 16 (4x4),2026-07,9250.0,15214.0,0.0,0.0
101070193,Shin Ramyun Tom Yum 16 (4x4),2026-08,27750.0,12340.0,12933.0,15214.0
101070193,Shin Ramyun Tom Yum 16 (4x4),2026-09,10000.0,0.0,0.0,14621.0
101070193,Shin Ramyun Tom Yum 16 (4x4),2026-10,10000.0,0.0,0.0,14621.0
101070193,Shin Ramyun Tom Yum 16 (4x4),2026-11,10000.0,0.0,0.0,14621.0
101070193,Shin Ramyun Tom Yum 16 (4x4),2026-12,10000.0,0.0,0.0,14621.0
101070213,Big Bowl Shin Rose 6,2026-01,0.0,0.0,0.0,0.0
101070213,Big Bowl Shin Rose 6,2026-02,0.0,0.0,0.0,0.0
101070213,Big Bowl Shin Rose 6,2026-03,0.0,0.0,0.0,0.0
101070213,Big Bowl Shin Rose 6,2026-04,0.0,0.0,0.0,0.0
101070213,Big Bowl Shin Rose 6,2026-05,0.0,0.0,0.0,0.0
101070213,Big Bowl Shin Rose 6,2026-06,0.0,0.0,0.0,0.0
101070213,Big Bowl Shin Rose 6,2026-07,23500.0,25974.0,0.0,0.0
101070213,Big Bowl Shin Rose 6,2026-08,17587.5,0.0,13131.0,25974.0
101070213,Big Bowl Shin Rose 6,2026-09,12000.0,0.0,0.0,12843.0
101070213,Big Bowl Shin Rose 6,2026-10,14000.0,0.0,0.0,12843.0
101070213,Big Bowl Shin Rose 6,2026-11,10000.0,0.0,0.0,12843.0
101070213,Big Bowl Shin Rose 6,2026-12,10000.0,0.0,0.0,12843.0
101070215,Big Bowl Noodle Fit Protein (Beef),2026-01,0.0,0.0,0.0,0.0
101070215,Big Bowl Noodle Fit Protein (Beef),2026-02,0.0,0.0,0.0,0.0
101070215,Big Bowl Noodle Fit Protein (Beef),2026-03,0.0,0.0,0.0,0.0
101070215,Big Bowl Noodle Fit Protein (Beef),2026-04,0.0,0.0,0.0,0.0
101070215,Big Bowl Noodle Fit Protein (Beef),2026-05,0.0,0.0,0.0,0.0
101070215,Big Bowl Noodle Fit Protein (Beef),2026-06,0.0,0.0,0.0,0.0
101070215,Big Bowl Noodle Fit Protein (Beef),2026-07,0.0,0.0,0.0,0.0
101070215,Big Bowl Noodle Fit Protein (Beef),2026-08,0.0,0.0,0.0,0.0
101070215,Big Bowl Noodle Fit Protein (Beef),2026-09,0.0,0.0,0.0,0.0
101070215,Big Bowl Noodle Fit Protein (Beef),2026-10,4000.0,0.0,0.0,0.0
101070215,Big Bowl Noodle Fit Protein (Beef),2026-11,2000.0,0.0,0.0,0.0
101070215,Big Bowl Noodle Fit Protein (Beef),2026-12,2000.0,0.0,0.0,0.0
101070216,Big Bowl Noodle Fit Protein (Beef Vegan),2026-01,0.0,0.0,0.0,0.0
101070216,Big Bowl Noodle Fit Protein (Beef Vegan),2026-02,0.0,0.0,0.0,0.0
101070216,Big Bowl Noodle Fit Protein (Beef Vegan),2026-03,0.0,0.0,0.0,0.0
101070216,Big Bowl Noodle Fit Protein (Beef Vegan),2026-04,0.0,0.0,0.0,0.0
101070216,Big Bowl Noodle Fit Protein (Beef Vegan),2026-05,0.0,0.0,0.0,0.0
101070216,Big Bowl Noodle Fit Protein (Beef Vegan),2026-06,0.0,0.0,0.0,0.0
101070216,Big Bowl Noodle Fit Protein (Beef Vegan),2026-07,0.0,0.0,0.0,0.0
101070216,Big Bowl Noodle Fit Protein (Beef Vegan),2026-08,0.0,0.0,0.0,0.0
101070216,Big Bowl Noodle Fit Protein (Beef Vegan),2026-09,0.0,0.0,0.0,0.0
101070216,Big Bowl Noodle Fit Protein (Beef Vegan),2026-10,4000.0,0.0,0.0,0.0
101070216,Big Bowl Noodle Fit Protein (Beef Vegan),2026-11,2000.0,0.0,0.0,0.0
101070216,Big Bowl Noodle Fit Protein (Beef Vegan),2026-12,2000.0,0.0,0.0,0.0
101070217,Big Bowl Noodle Fit Protein (Mild Chicken),2026-01,0.0,0.0,0.0,0.0
101070217,Big Bowl Noodle Fit Protein (Mild Chicken),2026-02,0.0,0.0,0.0,0.0
101070217,Big Bowl Noodle Fit Protein (Mild Chicken),2026-03,0.0,0.0,0.0,0.0
101070217,Big Bowl Noodle Fit Protein (Mild Chicken),2026-04,0.0,0.0,0.0,0.0
101070217,Big Bowl Noodle Fit Protein (Mild Chicken),2026-05,0.0,0.0,0.0,0.0
101070217,Big Bowl Noodle Fit Protein (Mild Chicken),2026-06,0.0,0.0,0.0,0.0
101070217,Big Bowl Noodle Fit Protein (Mild Chicken),2026-07,0.0,0.0,0.0,0.0
101070217,Big Bowl Noodle Fit Protein (Mild Chicken),2026-08,0.0,0.0,0.0,0.0
101070217,Big Bowl Noodle Fit Protein (Mild Chicken),2026-09,0.0,0.0,0.0,0.0
101070217,Big Bowl Noodle Fit Protein (Mild Chicken),2026-10,4000.0,0.0,0.0,0.0
101070217,Big Bowl Noodle Fit Protein (Mild Chicken),2026-11,2000.0,0.0,0.0,0.0
101070217,Big Bowl Noodle Fit Protein (Mild Chicken),2026-12,2000.0,0.0,0.0,0.0
101070237,Big Bowl Shin Black 6,2026-01,0.0,0.0,0.0,0.0
101070237,Big Bowl Shin Black 6,2026-02,0.0,0.0,0.0,0.0
101070237,Big Bowl Shin Black 6,2026-03,0.0,0.0,0.0,0.0
101070237,Big Bowl Shin Black 6,2026-04,0.0,0.0,0.0,0.0
101070237,Big Bowl Shin Black 6,2026-05,0.0,0.0,0.0,0.0
101070237,Big Bowl Shin Black 6,2026-06,0.0,0.0,0.0,0.0
101070237,Big Bowl Shin Black 6,2026-07,48000.0,47242.0,15.0,0.0
101070237,Big Bowl Shin Black 6,2026-08,5000.0,0.0,19.0,47227.0
101070237,Big Bowl Shin Black 6,2026-09,12000.0,0.0,0.0,47208.0
101070237,Big Bowl Shin Black 6,2026-10,12000.0,0.0,0.0,47208.0
101070237,Big Bowl Shin Black 6,2026-11,8000.0,0.0,0.0,47208.0
101070237,Big Bowl Shin Black 6,2026-12,8000.0,0.0,0.0,47208.0
101070244,Shin Ramyun Gold 16 (4x4) KR,2026-01,0.0,0.0,0.0,0.0
101070244,Shin Ramyun Gold 16 (4x4) KR,2026-02,0.0,0.0,0.0,0.0
101070244,Shin Ramyun Gold 16 (4x4) KR,2026-03,0.0,0.0,0.0,0.0
101070244,Shin Ramyun Gold 16 (4x4) KR,2026-04,0.0,0.0,0.0,0.0
101070244,Shin Ramyun Gold 16 (4x4) KR,2026-05,0.0,0.0,0.0,0.0
101070244,Shin Ramyun Gold 16 (4x4) KR,2026-06,0.0,0.0,0.0,0.0
101070244,Shin Ramyun Gold 16 (4x4) KR,2026-07,0.0,0.0,0.0,0.0
101070244,Shin Ramyun Gold 16 (4x4) KR,2026-08,0.0,0.0,0.0,0.0
101070244,Shin Ramyun Gold 16 (4x4) KR,2026-09,6500.0,0.0,0.0,0.0
101070244,Shin Ramyun Gold 16 (4x4) KR,2026-10,30000.0,0.0,0.0,0.0
101070244,Shin Ramyun Gold 16 (4x4) KR,2026-11,30000.0,0.0,0.0,0.0
101070244,Shin Ramyun Gold 16 (4x4) KR,2026-12,30000.0,0.0,0.0,0.0
NEW-01,Big Bowl Toomba,2026-01,0.0,0.0,0.0,0.0
NEW-01,Big Bowl Toomba,2026-02,0.0,0.0,0.0,0.0
NEW-01,Big Bowl Toomba,2026-03,0.0,0.0,0.0,0.0
NEW-01,Big Bowl Toomba,2026-04,0.0,0.0,0.0,0.0
NEW-01,Big Bowl Toomba,2026-05,0.0,0.0,0.0,0.0
NEW-01,Big Bowl Toomba,2026-06,0.0,0.0,0.0,0.0
NEW-01,Big Bowl Toomba,2026-07,0.0,0.0,0.0,0.0
NEW-01,Big Bowl Toomba,2026-08,0.0,0.0,0.0,0.0
NEW-01,Big Bowl Toomba,2026-09,0.0,0.0,0.0,0.0
NEW-01,Big Bowl Toomba,2026-10,0.0,0.0,0.0,0.0
NEW-01,Big Bowl Toomba,2026-11,3000.0,0.0,0.0,0.0
NEW-01,Big Bowl Toomba,2026-12,2000.0,0.0,0.0,0.0
NEW-02,Big Bowl Chapagetti,2026-01,0.0,0.0,0.0,0.0
NEW-02,Big Bowl Chapagetti,2026-02,0.0,0.0,0.0,0.0
NEW-02,Big Bowl Chapagetti,2026-03,0.0,0.0,0.0,0.0
NEW-02,Big Bowl Chapagetti,2026-04,0.0,0.0,0.0,0.0
NEW-02,Big Bowl Chapagetti,2026-05,0.0,0.0,0.0,0.0
NEW-02,Big Bowl Chapagetti,2026-06,0.0,0.0,0.0,0.0
NEW-02,Big Bowl Chapagetti,2026-07,0.0,0.0,0.0,0.0
NEW-02,Big Bowl Chapagetti,2026-08,0.0,0.0,0.0,0.0
NEW-02,Big Bowl Chapagetti,2026-09,0.0,0.0,0.0,0.0
NEW-02,Big Bowl Chapagetti,2026-10,0.0,0.0,0.0,0.0
NEW-02,Big Bowl Chapagetti,2026-11,2000.0,0.0,0.0,0.0
NEW-02,Big Bowl Chapagetti,2026-12,1500.0,0.0,0.0,0.0
NEW-03,Shin Rose 16,2026-01,0.0,0.0,0.0,0.0
NEW-03,Shin Rose 16,2026-02,0.0,0.0,0.0,0.0
NEW-03,Shin Rose 16,2026-03,0.0,0.0,0.0,0.0
NEW-03,Shin Rose 16,2026-04,0.0,0.0,0.0,0.0
NEW-03,Shin Rose 16,2026-05,0.0,0.0,0.0,0.0
NEW-03,Shin Rose 16,2026-06,0.0,0.0,0.0,0.0
NEW-03,Shin Rose 16,2026-07,0.0,0.0,0.0,0.0
NEW-03,Shin Rose 16,2026-08,0.0,0.0,0.0,0.0
NEW-03,Shin Rose 16,2026-09,0.0,0.0,0.0,0.0
NEW-03,Shin Rose 16,2026-10,0.0,0.0,0.0,0.0
NEW-03,Shin Rose 16,2026-11,0.0,0.0,0.0,0.0
NEW-03,Shin Rose 16,2026-12,0.0,0.0,0.0,0.0
NEW-04,Big Bowl Shin Kimchi Stir Fried,2026-01,0.0,0.0,0.0,0.0
NEW-04,Big Bowl Shin Kimchi Stir Fried,2026-02,0.0,0.0,0.0,0.0
NEW-04,Big Bowl Shin Kimchi Stir Fried,2026-03,0.0,0.0,0.0,0.0
NEW-04,Big Bowl Shin Kimchi Stir Fried,2026-04,0.0,0.0,0.0,0.0
NEW-04,Big Bowl Shin Kimchi Stir Fried,2026-05,0.0,0.0,0.0,0.0
NEW-04,Big Bowl Shin Kimchi Stir Fried,2026-06,0.0,0.0,0.0,0.0
NEW-04,Big Bowl Shin Kimchi Stir Fried,2026-07,0.0,0.0,0.0,0.0
NEW-04,Big Bowl Shin Kimchi Stir Fried,2026-08,0.0,0.0,0.0,0.0
NEW-04,Big Bowl Shin Kimchi Stir Fried,2026-09,0.0,0.0,0.0,0.0
NEW-04,Big Bowl Shin Kimchi Stir Fried,2026-10,0.0,0.0,0.0,0.0
NEW-04,Big Bowl Shin Kimchi Stir Fried,2026-11,0.0,0.0,0.0,0.0
NEW-04,Big Bowl Shin Kimchi Stir Fried,2026-12,0.0,0.0,0.0,0.0
